Level,Expression,Value,Location,Refresh
   3,Improve,PID_Trapezoid_Intergral (4),0x20008764,Off
   3,IntegralLimit,5000,0x20008768,Off
   3,CoefA,0,0x2000876C,Off
   3,CoefB,0,0x20008770,Off
   3,Output_LPF_RC,0,0x20008774,Off
   3,Derivative_LPF_RC,0,0x20008778,Off
   3,Measure,0.00837238599,0x2000877C,Off
   3,Last_Measure,0.00837238599,0x20008780,Off
   3,Err,1.51865089,0x20008784,Off
   3,Last_Err,1.51865089,0x20008788,Off
   3,Last_ITerm,0,0x2000878C,Off
   3,Pout,60.7460365,0x20008790,Off
   3,Iout,0,0x20008794,Off
   3,Dout,2.81038785,0x20008798,Off
   3,ITerm,0,0x2000879C,Off
   3,Output,63.5564232,0x200087A0,Off
   3,Last_Output,-385.421295,0x200087A4,Off
   3,Last_Dout,6.99600554,0x200087A8,Off
   3,Ref,-9.8151207,0x200087AC,Off
   3,DWT_CNT,3029764563,0x200087B0,Off
   3,dt,0.00200000009,0x200087B4,Off
   3,ERRORHandler,,0x200087B8,Off
  2,angle_PID,,0x200087C8,Off
   3,Kp,10,0x200087C8,Off
   3,Ki,0,0x200087CC,Off
   3,Kd,,0x200087D0,Off
   3,MaxOut,,0x200087D4,Off
   3,DeadBand,,0x200087D8,Off
   3,Improve,,0x200087DC,Off
   3,IntegralLimit,,0x200087E0,Off
   3,CoefA,,0x200087E4,Off
   3,CoefB,,0x200087E8,Off
   3,Output_LPF_RC,,0x200087EC,Off
   3,Derivative_LPF_RC,,0x200087F0,Off
   3,Measure,,0x200087F4,Off
   3,Last_Measure,,0x200087F8,Off
   3,Err,,0x200087FC,Off
   3,Last_Err,,0x20008800,Off
   3,Last_ITerm,,0x20008804,Off
   3,Pout,,0x20008808,Off
   3,Iout,,0x2000880C,Off
   3,Dout,,0x20008810,Off
   3,ITerm,,0x20008814,Off
   3,Output,,0x20008818,Off
   3,Last_Output,,0x2000881C,Off
   3,Last_Dout,,0x20008820,Off
   3,Ref,,0x20008824,Off
   3,DWT_CNT,,0x20008828,Off
   3,dt,,0x2000882C,Off
   3,ERRORHandler,,0x20008830,Off
  2,pid_ref,,0x20008840,Off
 1,motor_can_instance,,0x20008848,Off
 1,sender_group,,0x2000884C,Off
 1,message_num,,0x2000884D,Off
 1,motor_type,,0x2000884E,Off
 1,stop_flag,,0x2000884F,Off
